PERM1	Adult	0.937104
PERM1	Adult	0.961797
PERM1	Adult	0.988379
PERM1	Adult	1.067335
PERM1	Adult	0.959096
PERM1	Adult	1.018919
PERM1	Adult	0.96823
PERM1	Adult	1.009477
PERM1	Adult	0.983347
PERM1	Adult	1.045236
PERM1	Neonatal	0.082273
PERM1	Neonatal	0.079743
PERM1	Neonatal	0.082923
PERM1	Neonatal	0.079404
PERM1	Neonatal	0.081971
PERM1	Neonatal	0.088438
PERM1	Neonatal	0.084632
PERM1	Neonatal	0.088116
PERM1	Neonatal	0.084703
PERM1	Neonatal	0.082968
RNF223	Adult	1.014743
RNF223	Adult	1.035701
RNF223	Adult	1.004167
RNF223	Adult	0.949779
RNF223	Adult	1.035168
RNF223	Adult	1.055234
RNF223	Adult	1.031168
RNF223	Adult	1.007004
RNF223	Adult	1.039317
RNF223	Adult	0.971258
RNF223	Neonatal	0.875104
RNF223	Neonatal	0.936199
RNF223	Neonatal	0.887514
RNF223	Neonatal	0.968139
RNF223	Neonatal	0.944767
RNF223	Neonatal	1.057773
RNF223	Neonatal	0.941574
RNF223	Neonatal	0.962926
RNF223	Neonatal	0.881348
RNF223	Neonatal	1.039309
MIR200B	Adult	2.053802
MIR200B	Adult	1.884262
MIR200B	Adult	1.968114
MIR200B	Adult	2.086178
MIR200B	Adult	1.945673
MIR200B	Adult	1.969166
MIR200B	Adult	2.108063
MIR200B	Adult	2.098377
MIR200B	Adult	2.111867
MIR200B	Adult	1.961528
MIR200B	Neonatal	0.224683
MIR200B	Neonatal	0.224834
MIR200B	Neonatal	0.242495
MIR200B	Neonatal	0.225652
MIR200B	Neonatal	0.229778
MIR200B	Neonatal	0.238526
MIR200B	Neonatal	0.231544
MIR200B	Neonatal	0.220542
MIR200B	Neonatal	0.241714
MIR200B	Neonatal	0.22046
TNFRSF4	Adult	3.057868
TNFRSF4	Adult	2.858299
TNFRSF4	Adult	3.122297
TNFRSF4	Adult	3.116906
TNFRSF4	Adult	3.11267
TNFRSF4	Adult	2.89801
TNFRSF4	Adult	3.15609
TNFRSF4	Adult	3.257455
TNFRSF4	Adult	2.990536
TNFRSF4	Adult	3.088084
TNFRSF4	Neonatal	0.301414
TNFRSF4	Neonatal	0.312672
TNFRSF4	Neonatal	0.292275
TNFRSF4	Neonatal	0.289625
TNFRSF4	Neonatal	0.315679
TNFRSF4	Neonatal	0.287711
TNFRSF4	Neonatal	0.312533
TNFRSF4	Neonatal	0.295876
TNFRSF4	Neonatal	0.315899
TNFRSF4	Neonatal	0.316816
SDF4	Adult	1.968173
SDF4	Adult	2.079477
SDF4	Adult	2.096
SDF4	Adult	2.06572
SDF4	Adult	1.945529
SDF4	Adult	1.965582
SDF4	Adult	1.993028
SDF4	Adult	1.997048
SDF4	Adult	1.919035
SDF4	Adult	2.041303
SDF4	Neonatal	2.107501
SDF4	Neonatal	2.039574
SDF4	Neonatal	1.965861
SDF4	Neonatal	1.991199
SDF4	Neonatal	2.127046
SDF4	Neonatal	2.01446
SDF4	Neonatal	2.168504
SDF4	Neonatal	2.137084
SDF4	Neonatal	2.029398
SDF4	Neonatal	2.205326
B3GALT6	Adult	1.926722
B3GALT6	Adult	1.913053
B3GALT6	Adult	2.124067
B3GALT6	Adult	2.097841
B3GALT6	Adult	1.941265
B3GALT6	Adult	1.930185
B3GALT6	Adult	2.019004
B3GALT6	Adult	2.043981
B3GALT6	Adult	2.122246
B3GALT6	Adult	1.769384
B3GALT6	Neonatal	2.014983
B3GALT6	Neonatal	1.943781
B3GALT6	Neonatal	2.005117
B3GALT6	Neonatal	2.136693
B3GALT6	Neonatal	1.910946
B3GALT6	Neonatal	1.991061
B3GALT6	Neonatal	2.112974
B3GALT6	Neonatal	1.93894
B3GALT6	Neonatal	2.051744
B3GALT6	Neonatal	2.113159
C1QTNF12	Adult	2.206213
C1QTNF12	Adult	1.786811
C1QTNF12	Adult	2.009614
C1QTNF12	Adult	1.915406
C1QTNF12	Adult	1.989633
C1QTNF12	Adult	1.838894
C1QTNF12	Adult	1.819154
C1QTNF12	Adult	2.230339
C1QTNF12	Adult	2.228987
C1QTNF12	Adult	1.909058
C1QTNF12	Neonatal	0.277998
C1QTNF12	Neonatal	0.257931
C1QTNF12	Neonatal	0.266636
C1QTNF12	Neonatal	0.260028
C1QTNF12	Neonatal	0.272115
C1QTNF12	Neonatal	0.259114
C1QTNF12	Neonatal	0.279699
C1QTNF12	Neonatal	0.238612
C1QTNF12	Neonatal	0.249688
C1QTNF12	Neonatal	0.252595
UBE2J2	Adult	2.155408
UBE2J2	Adult	1.877882
UBE2J2	Adult	1.95818
UBE2J2	Adult	1.988063
UBE2J2	Adult	2.180008
UBE2J2	Adult	2.048878
UBE2J2	Adult	1.834749
UBE2J2	Adult	1.8168
UBE2J2	Adult	1.845592
UBE2J2	Adult	1.942145
UBE2J2	Neonatal	0.188532
UBE2J2	Neonatal	0.196616
UBE2J2	Neonatal	0.172155
UBE2J2	Neonatal	0.197636
UBE2J2	Neonatal	0.159547
UBE2J2	Neonatal	0.200629
UBE2J2	Neonatal	0.185614
UBE2J2	Neonatal	0.188451
UBE2J2	Neonatal	0.168069
UBE2J2	Neonatal	0.195922
SCNN1D	Adult	0.953642
SCNN1D	Adult	0.945287
SCNN1D	Adult	0.980836
SCNN1D	Adult	1.079273
SCNN1D	Adult	1.019503
SCNN1D	Adult	1.10631
SCNN1D	Adult	0.923005
SCNN1D	Adult	0.911583
SCNN1D	Adult	1.12102
SCNN1D	Adult	1.05574
SCNN1D	Neonatal	0.115667
SCNN1D	Neonatal	0.144466
SCNN1D	Neonatal	0.127523
SCNN1D	Neonatal	0.127569
SCNN1D	Neonatal	0.126394
SCNN1D	Neonatal	0.138238
SCNN1D	Neonatal	0.138308
SCNN1D	Neonatal	0.121892
SCNN1D	Neonatal	0.141254
SCNN1D	Neonatal	0.137912
INTS11	Adult	2.130466
INTS11	Adult	2.08477
INTS11	Adult	2.147317
INTS11	Adult	1.800906
INTS11	Adult	2.000737
INTS11	Adult	1.818542
INTS11	Adult	1.854622
INTS11	Adult	2.182083
INTS11	Adult	1.976161
INTS11	Adult	2.047072
INTS11	Neonatal	1.744108
INTS11	Neonatal	1.957136
INTS11	Neonatal	1.861992
INTS11	Neonatal	1.847848
INTS11	Neonatal	1.978663
INTS11	Neonatal	2.020698
INTS11	Neonatal	1.721844
INTS11	Neonatal	1.772413
INTS11	Neonatal	2.114455
INTS11	Neonatal	2.024926
TAS1R3	Adult	1.038902
TAS1R3	Adult	1.076914
TAS1R3	Adult	0.975214
TAS1R3	Adult	1.013319
TAS1R3	Adult	1.059609
TAS1R3	Adult	0.98541
TAS1R3	Adult	0.975611
TAS1R3	Adult	1.030824
TAS1R3	Adult	1.057178
TAS1R3	Adult	1.051989
TAS1R3	Neonatal	0.937278
TAS1R3	Neonatal	0.95614
TAS1R3	Neonatal	0.912247
TAS1R3	Neonatal	0.936092
TAS1R3	Neonatal	0.916583
TAS1R3	Neonatal	1.019236
TAS1R3	Neonatal	1.022904
TAS1R3	Neonatal	1.055635
TAS1R3	Neonatal	1.047333
TAS1R3	Neonatal	0.905574
DVL1	Adult	1.926055
DVL1	Adult	1.917463
DVL1	Adult	1.841562
DVL1	Adult	2.025855
DVL1	Adult	1.894442
DVL1	Adult	2.133223
DVL1	Adult	2.127161
DVL1	Adult	1.933494
DVL1	Adult	1.825957
DVL1	Adult	2.16429
DVL1	Neonatal	0.159763
DVL1	Neonatal	0.156207
DVL1	Neonatal	0.157126
DVL1	Neonatal	0.173973
DVL1	Neonatal	0.169347
DVL1	Neonatal	0.159925
DVL1	Neonatal	0.162982
DVL1	Neonatal	0.175168
DVL1	Neonatal	0.155356
DVL1	Neonatal	0.176527
MXRA8	Adult	0.957297
MXRA8	Adult	0.963793
MXRA8	Adult	1.046421
MXRA8	Adult	1.021622
MXRA8	Adult	0.9697
MXRA8	Adult	0.946899
MXRA8	Adult	1.028817
MXRA8	Adult	1.062607
MXRA8	Adult	1.043028
MXRA8	Adult	0.942234
MXRA8	Neonatal	0.084564
MXRA8	Neonatal	0.082234
MXRA8	Neonatal	0.085517
MXRA8	Neonatal	0.084409
MXRA8	Neonatal	0.08458
MXRA8	Neonatal	0.081577
MXRA8	Neonatal	0.091293
MXRA8	Neonatal	0.08174
MXRA8	Neonatal	0.081886
MXRA8	Neonatal	0.087043
CCNL2	Adult	0.964285
CCNL2	Adult	1.001606
CCNL2	Adult	1.016289
CCNL2	Adult	0.99997
CCNL2	Adult	1.01649
CCNL2	Adult	0.97255
CCNL2	Adult	1.022397
CCNL2	Adult	0.945535
CCNL2	Adult	1.044389
CCNL2	Adult	1.05728
CCNL2	Neonatal	0.142531
CCNL2	Neonatal	0.147768
CCNL2	Neonatal	0.140011
CCNL2	Neonatal	0.138053
CCNL2	Neonatal	0.132593
CCNL2	Neonatal	0.144151
CCNL2	Neonatal	0.126786
CCNL2	Neonatal	0.130004
CCNL2	Neonatal	0.144661
CCNL2	Neonatal	0.147397
RN7SL657P	Adult	2.132682
RN7SL657P	Adult	1.98578
RN7SL657P	Adult	1.877987
RN7SL657P	Adult	2.0313
RN7SL657P	Adult	1.962117
RN7SL657P	Adult	2.085736
RN7SL657P	Adult	1.952468
RN7SL657P	Adult	2.083803
RN7SL657P	Adult	2.005082
RN7SL657P	Adult	2.069391
RN7SL657P	Neonatal	2.029674
RN7SL657P	Neonatal	1.903218
RN7SL657P	Neonatal	1.950923
RN7SL657P	Neonatal	1.838827
RN7SL657P	Neonatal	1.954187
RN7SL657P	Neonatal	1.829971
RN7SL657P	Neonatal	2.08452
RN7SL657P	Neonatal	1.964
RN7SL657P	Neonatal	2.026399
RN7SL657P	Neonatal	1.98555
ANKRD65	Adult	1.836144
ANKRD65	Adult	2.188068
ANKRD65	Adult	1.95429
ANKRD65	Adult	1.926859
ANKRD65	Adult	1.768358
ANKRD65	Adult	1.783049
ANKRD65	Adult	2.174074
ANKRD65	Adult	2.218727
ANKRD65	Adult	1.938273
ANKRD65	Adult	2.086735
ANKRD65	Neonatal	2.056497
ANKRD65	Neonatal	2.150638
ANKRD65	Neonatal	2.105448
ANKRD65	Neonatal	2.141027
ANKRD65	Neonatal	2.012941
ANKRD65	Neonatal	2.07347
ANKRD65	Neonatal	1.959425
ANKRD65	Neonatal	2.186534
ANKRD65	Neonatal	2.035793
ANKRD65	Neonatal	2.174706
VWA1	Adult	3.058502
VWA1	Adult	2.874926
VWA1	Adult	3.009831
VWA1	Adult	2.802694
VWA1	Adult	2.842723
VWA1	Adult	3.165985
VWA1	Adult	3.199551
VWA1	Adult	2.892223
VWA1	Adult	3.093841
VWA1	Adult	2.764903
VWA1	Neonatal	2.81036
VWA1	Neonatal	2.956825
VWA1	Neonatal	3.20264
VWA1	Neonatal	3.131926
VWA1	Neonatal	2.976296
VWA1	Neonatal	3.19636
VWA1	Neonatal	2.886093
VWA1	Neonatal	3.004547
VWA1	Neonatal	3.015602
VWA1	Neonatal	3.318847
TMEM240	Adult	2.962597
TMEM240	Adult	2.906418
TMEM240	Adult	3.303484
TMEM240	Adult	3.328945
TMEM240	Adult	3.389673
TMEM240	Adult	2.721944
TMEM240	Adult	3.151742
TMEM240	Adult	2.627954
TMEM240	Adult	3.297156
TMEM240	Adult	2.686428
TMEM240	Neonatal	2.90724
TMEM240	Neonatal	2.848556
TMEM240	Neonatal	2.918859
TMEM240	Neonatal	2.882215
TMEM240	Neonatal	3.001897
TMEM240	Neonatal	2.833144
TMEM240	Neonatal	2.793166
TMEM240	Neonatal	2.860197
TMEM240	Neonatal	2.730222
TMEM240	Neonatal	2.740476
SSU72	Adult	2.016453
SSU72	Adult	1.888284
SSU72	Adult	1.950155
SSU72	Adult	2.045317
SSU72	Adult	1.906666
SSU72	Adult	1.967571
SSU72	Adult	1.875516
SSU72	Adult	2.045047
SSU72	Adult	2.082194
SSU72	Adult	1.962255
SSU72	Neonatal	1.914895
SSU72	Neonatal	1.949909
SSU72	Neonatal	1.958827
SSU72	Neonatal	2.04726
SSU72	Neonatal	1.893374
SSU72	Neonatal	1.916272
SSU72	Neonatal	2.06723
SSU72	Neonatal	1.956379
SSU72	Neonatal	2.06097
SSU72	Neonatal	2.033981
FNDC10	Adult	3.072557
FNDC10	Adult	3.190979
FNDC10	Adult	3.161681
FNDC10	Adult	3.141939
FNDC10	Adult	3.156238
FNDC10	Adult	2.892847
FNDC10	Adult	2.916556
FNDC10	Adult	2.870536
FNDC10	Adult	2.998181
FNDC10	Adult	2.955409
FNDC10	Neonatal	2.982029
FNDC10	Neonatal	3.016516
FNDC10	Neonatal	2.888555
FNDC10	Neonatal	3.063276
FNDC10	Neonatal	3.07071
FNDC10	Neonatal	2.938352
FNDC10	Neonatal	2.99597
FNDC10	Neonatal	3.047481
FNDC10	Neonatal	3.095675
FNDC10	Neonatal	3.144788
MMP23B	Adult	2.143351
MMP23B	Adult	1.887118
MMP23B	Adult	2.121818
MMP23B	Adult	2.079192
MMP23B	Adult	1.904843
MMP23B	Adult	1.928397
MMP23B	Adult	1.895633
MMP23B	Adult	2.032602
MMP23B	Adult	2.140901
MMP23B	Adult	1.911799
MMP23B	Neonatal	2.089937
MMP23B	Neonatal	1.982823
MMP23B	Neonatal	1.955721
MMP23B	Neonatal	1.959598
MMP23B	Neonatal	1.923276
MMP23B	Neonatal	1.921228
MMP23B	Neonatal	1.958318
MMP23B	Neonatal	1.850451
MMP23B	Neonatal	1.955272
MMP23B	Neonatal	1.789644
SLC35E2B	Adult	2.150413
SLC35E2B	Adult	2.156069
SLC35E2B	Adult	2.085543
SLC35E2B	Adult	1.926778
SLC35E2B	Adult	2.098626
SLC35E2B	Adult	2.042191
SLC35E2B	Adult	2.132618
SLC35E2B	Adult	2.158487
SLC35E2B	Adult	1.905331
SLC35E2B	Adult	2.161654
SLC35E2B	Neonatal	0.139775
SLC35E2B	Neonatal	0.139576
SLC35E2B	Neonatal	0.1381
SLC35E2B	Neonatal	0.119126
SLC35E2B	Neonatal	0.149678
SLC35E2B	Neonatal	0.142403
SLC35E2B	Neonatal	0.151629
SLC35E2B	Neonatal	0.134314
SLC35E2B	Neonatal	0.116757
SLC35E2B	Neonatal	0.152174
NADK	Adult	1.977267
NADK	Adult	1.834109
NADK	Adult	1.993043
NADK	Adult	1.980668
NADK	Adult	1.919795
NADK	Adult	2.039802
NADK	Adult	2.027294
NADK	Adult	1.831021
NADK	Adult	1.881785
NADK	Adult	1.889892
NADK	Neonatal	0.130477
NADK	Neonatal	0.132932
NADK	Neonatal	0.127363
NADK	Neonatal	0.139278
NADK	Neonatal	0.131566
NADK	Neonatal	0.123601
NADK	Neonatal	0.124122
NADK	Neonatal	0.135921
NADK	Neonatal	0.135051
NADK	Neonatal	0.124796
GNB1	Adult	2.054175
GNB1	Adult	1.887418
GNB1	Adult	2.254083
GNB1	Adult	1.752379
GNB1	Adult	1.847503
GNB1	Adult	1.928646
GNB1	Adult	2.20502
GNB1	Adult	1.98453
GNB1	Adult	1.813318
GNB1	Adult	1.964006
GNB1	Neonatal	2.025023
GNB1	Neonatal	2.152782
GNB1	Neonatal	1.853978
GNB1	Neonatal	2.104459
GNB1	Neonatal	1.961612
GNB1	Neonatal	2.037232
GNB1	Neonatal	1.902768
GNB1	Neonatal	2.070536
GNB1	Neonatal	2.102582
GNB1	Neonatal	2.025616
CALML6	Adult	1.877184
CALML6	Adult	2.044605
CALML6	Adult	1.951511
CALML6	Adult	2.124661
CALML6	Adult	2.001778
CALML6	Adult	2.009955
CALML6	Adult	2.023463
CALML6	Adult	2.035458
CALML6	Adult	2.078884
CALML6	Adult	1.92814
CALML6	Neonatal	0.254155
CALML6	Neonatal	0.259074
CALML6	Neonatal	0.22743
CALML6	Neonatal	0.232411
CALML6	Neonatal	0.22443
CALML6	Neonatal	0.249293
CALML6	Neonatal	0.219212
CALML6	Neonatal	0.244911
CALML6	Neonatal	0.206339
CALML6	Neonatal	0.206448
TMEM52	Adult	1.012998
TMEM52	Adult	0.894477
TMEM52	Adult	0.948952
TMEM52	Adult	0.954565
TMEM52	Adult	0.959009
TMEM52	Adult	0.982994
TMEM52	Adult	0.998913
TMEM52	Adult	1.057745
TMEM52	Adult	1.112389
TMEM52	Adult	1.114891
TMEM52	Neonatal	0.913595
TMEM52	Neonatal	0.905085
TMEM52	Neonatal	1.021995
TMEM52	Neonatal	0.903619
TMEM52	Neonatal	0.933626
TMEM52	Neonatal	0.93197
TMEM52	Neonatal	1.019537
TMEM52	Neonatal	0.92307
TMEM52	Neonatal	0.890537
TMEM52	Neonatal	0.956116
CFAP74	Adult	1.03769
CFAP74	Adult	1.102008
CFAP74	Adult	0.965272
CFAP74	Adult	1.099095
CFAP74	Adult	1.097728
CFAP74	Adult	1.007211
CFAP74	Adult	0.915029
CFAP74	Adult	1.081966
CFAP74	Adult	1.05778
CFAP74	Adult	0.88863
CFAP74	Neonatal	0.06356
CFAP74	Neonatal	0.064598
CFAP74	Neonatal	0.059967
CFAP74	Neonatal	0.06187
CFAP74	Neonatal	0.059224
CFAP74	Neonatal	0.059116
CFAP74	Neonatal	0.059094
CFAP74	Neonatal	0.059847
CFAP74	Neonatal	0.060294
CFAP74	Neonatal	0.059588
SKI	Adult	1.071488
SKI	Adult	1.055718
SKI	Adult	0.930634
SKI	Adult	1.006969
SKI	Adult	1.037241
SKI	Adult	0.950592
SKI	Adult	0.964506
SKI	Adult	0.966266
SKI	Adult	1.068467
SKI	Adult	0.926486
SKI	Neonatal	1.029552
SKI	Neonatal	1.007381
SKI	Neonatal	1.005528
SKI	Neonatal	1.013415
SKI	Neonatal	0.935991
SKI	Neonatal	1.030077
SKI	Neonatal	1.031164
SKI	Neonatal	0.937086
SKI	Neonatal	0.966366
SKI	Neonatal	0.913315
MORN1	Adult	0.88458
MORN1	Adult	1.000928
MORN1	Adult	1.048902
MORN1	Adult	0.908828
MORN1	Adult	0.901505
MORN1	Adult	0.907865
MORN1	Adult	0.886263
MORN1	Adult	0.98421
MORN1	Adult	0.979228
MORN1	Adult	1.093188
MORN1	Neonatal	0.113129
MORN1	Neonatal	0.109585
MORN1	Neonatal	0.115863
MORN1	Neonatal	0.116456
MORN1	Neonatal	0.113857
MORN1	Neonatal	0.11506
MORN1	Neonatal	0.111147
MORN1	Neonatal	0.10442
MORN1	Neonatal	0.106341
MORN1	Neonatal	0.108094
RER1	Adult	0.97165
RER1	Adult	1.009971
RER1	Adult	1.042522
RER1	Adult	1.06273
RER1	Adult	1.030725
RER1	Adult	0.974727
RER1	Adult	0.932763
RER1	Adult	0.990898
RER1	Adult	0.988757
RER1	Adult	1.015559
RER1	Neonatal	1.123984
RER1	Neonatal	0.85137
RER1	Neonatal	1.099322
RER1	Neonatal	0.992217
RER1	Neonatal	0.908435
RER1	Neonatal	1.085543
RER1	Neonatal	0.991759
RER1	Neonatal	1.026039
RER1	Neonatal	1.110047
RER1	Neonatal	0.927705
PEX10	Adult	2.13819
PEX10	Adult	1.966312
PEX10	Adult	1.944739
PEX10	Adult	2.157377
PEX10	Adult	1.955129
PEX10	Adult	1.837274
PEX10	Adult	1.8557
PEX10	Adult	2.095277
PEX10	Adult	2.067064
PEX10	Adult	2.065615
PEX10	Neonatal	0.240467
PEX10	Neonatal	0.221423
PEX10	Neonatal	0.227326
PEX10	Neonatal	0.226068
PEX10	Neonatal	0.219954
PEX10	Neonatal	0.239078
PEX10	Neonatal	0.216736
PEX10	Neonatal	0.218618
PEX10	Neonatal	0.21525
PEX10	Neonatal	0.213734
PLCH2	Adult	1.90744
PLCH2	Adult	1.827964
PLCH2	Adult	1.972069
PLCH2	Adult	1.992978
PLCH2	Adult	2.06754
PLCH2	Adult	1.838263
PLCH2	Adult	2.122308
PLCH2	Adult	1.821286
PLCH2	Adult	1.9036
PLCH2	Adult	1.880391
PLCH2	Neonatal	0.294318
PLCH2	Neonatal	0.292156
PLCH2	Neonatal	0.270757
PLCH2	Neonatal	0.270311
PLCH2	Neonatal	0.329656
PLCH2	Neonatal	0.313967
PLCH2	Neonatal	0.264649
PLCH2	Neonatal	0.280998
PLCH2	Neonatal	0.322994
PLCH2	Neonatal	0.281511
TNFRSF14	Adult	1.841484
TNFRSF14	Adult	1.82589
TNFRSF14	Adult	2.049923
TNFRSF14	Adult	1.954453
TNFRSF14	Adult	2.174187
TNFRSF14	Adult	2.001052
TNFRSF14	Adult	2.16853
TNFRSF14	Adult	2.173226
TNFRSF14	Adult	2.188754
TNFRSF14	Adult	2.020829
TNFRSF14	Neonatal	2.089922
TNFRSF14	Neonatal	2.050702
TNFRSF14	Neonatal	1.86308
TNFRSF14	Neonatal	1.972766
TNFRSF14	Neonatal	2.013281
TNFRSF14	Neonatal	1.988568
TNFRSF14	Neonatal	2.07656
TNFRSF14	Neonatal	1.919689
TNFRSF14	Neonatal	2.059431
TNFRSF14	Neonatal	1.933866
MMEL1	Adult	0.975222
MMEL1	Adult	0.943633
MMEL1	Adult	0.976559
MMEL1	Adult	0.985464
MMEL1	Adult	1.037496
MMEL1	Adult	1.020087
MMEL1	Adult	1.03627
MMEL1	Adult	0.943557
MMEL1	Adult	0.946243
MMEL1	Adult	0.972275
MMEL1	Neonatal	0.928969
MMEL1	Neonatal	0.979413
MMEL1	Neonatal	0.895429
MMEL1	Neonatal	0.897
MMEL1	Neonatal	0.924211
MMEL1	Neonatal	1.021423
MMEL1	Neonatal	0.99307
MMEL1	Neonatal	0.995653
MMEL1	Neonatal	0.959374
MMEL1	Neonatal	1.04421
PRDM16	Adult	1.079957
PRDM16	Adult	1.013495
PRDM16	Adult	0.949991
PRDM16	Adult	0.902653
PRDM16	Adult	1.093081
PRDM16	Adult	1.001926
PRDM16	Adult	1.04451
PRDM16	Adult	0.938412
PRDM16	Adult	0.945387
PRDM16	Adult	0.953057
PRDM16	Neonatal	0.080729
PRDM16	Neonatal	0.074534
PRDM16	Neonatal	0.078486
PRDM16	Neonatal	0.074209
PRDM16	Neonatal	0.076494
PRDM16	Neonatal	0.072638
PRDM16	Neonatal	0.078201
PRDM16	Neonatal	0.074839
PRDM16	Neonatal	0.080378
PRDM16	Neonatal	0.071635
ARHGEF16	Adult	2.19094
ARHGEF16	Adult	2.131437
ARHGEF16	Adult	2.123838
ARHGEF16	Adult	1.870702
ARHGEF16	Adult	2.118766
ARHGEF16	Adult	2.022318
ARHGEF16	Adult	1.966115
ARHGEF16	Adult	1.89832
ARHGEF16	Adult	2.068136
ARHGEF16	Adult	1.944797
ARHGEF16	Neonatal	1.993363
ARHGEF16	Neonatal	1.96915
ARHGEF16	Neonatal	1.848097
ARHGEF16	Neonatal	1.99717
ARHGEF16	Neonatal	1.99703
ARHGEF16	Neonatal	2.02068
ARHGEF16	Neonatal	1.9674
ARHGEF16	Neonatal	1.951967
ARHGEF16	Neonatal	1.854017
ARHGEF16	Neonatal	1.865631
TPRG1L	Adult	1.00917
TPRG1L	Adult	1.052202
TPRG1L	Adult	1.021759
TPRG1L	Adult	1.02151
TPRG1L	Adult	1.041216
TPRG1L	Adult	0.980244
TPRG1L	Adult	0.964742
TPRG1L	Adult	0.95597
TPRG1L	Adult	0.974467
TPRG1L	Adult	0.949233
TPRG1L	Neonatal	0.974568
TPRG1L	Neonatal	1.043991
TPRG1L	Neonatal	0.953844
TPRG1L	Neonatal	1.076028
TPRG1L	Neonatal	1.079337
TPRG1L	Neonatal	1.07353
TPRG1L	Neonatal	0.944988
TPRG1L	Neonatal	0.92743
TPRG1L	Neonatal	0.885213
TPRG1L	Neonatal	0.969692
WRAP73	Adult	1.107508
WRAP73	Adult	0.956015
WRAP73	Adult	0.966354
WRAP73	Adult	0.916217
WRAP73	Adult	1.028707
WRAP73	Adult	1.019642
WRAP73	Adult	0.901406
WRAP73	Adult	1.071527
WRAP73	Adult	0.88015
WRAP73	Adult	0.989953
WRAP73	Neonatal	0.058877
WRAP73	Neonatal	0.064693
WRAP73	Neonatal	0.064998
WRAP73	Neonatal	0.058705
WRAP73	Neonatal	0.067701
WRAP73	Neonatal	0.065603
WRAP73	Neonatal	0.064473
WRAP73	Neonatal	0.058831
WRAP73	Neonatal	0.064004
WRAP73	Neonatal	0.069115
TP73	Adult	2.864285
TP73	Adult	3.029742
TP73	Adult	2.930721
TP73	Adult	3.034317
TP73	Adult	2.862098
TP73	Adult	2.960322
TP73	Adult	3.087289
TP73	Adult	2.946738
TP73	Adult	2.882353
TP73	Adult	2.979213
TP73	Neonatal	2.799091
TP73	Neonatal	3.101059
TP73	Neonatal	2.958008
TP73	Neonatal	3.087157
TP73	Neonatal	2.886909
TP73	Neonatal	2.823883
TP73	Neonatal	2.935474
TP73	Neonatal	2.846362
TP73	Neonatal	2.806441
TP73	Neonatal	2.815917
CCDC27	Adult	1.964485
CCDC27	Adult	1.968099
CCDC27	Adult	1.814529
CCDC27	Adult	2.179668
CCDC27	Adult	2.211341
CCDC27	Adult	2.014667
CCDC27	Adult	2.200449
CCDC27	Adult	2.21241
CCDC27	Adult	1.946191
CCDC27	Adult	1.821083
CCDC27	Neonatal	1.873619
CCDC27	Neonatal	2.297881
CCDC27	Neonatal	1.945656
CCDC27	Neonatal	2.046185
CCDC27	Neonatal	2.006272
CCDC27	Neonatal	2.236821
CCDC27	Neonatal	2.221557
CCDC27	Neonatal	2.187188
CCDC27	Neonatal	2.033636
CCDC27	Neonatal	2.219407
SMIM1	Adult	2.182076
SMIM1	Adult	2.154837
SMIM1	Adult	2.103373
SMIM1	Adult	2.000871
SMIM1	Adult	2.235187
SMIM1	Adult	1.851655
SMIM1	Adult	1.955697
SMIM1	Adult	1.892002
SMIM1	Adult	2.102659
SMIM1	Adult	1.849682
SMIM1	Neonatal	1.92377
SMIM1	Neonatal	2.071078
SMIM1	Neonatal	2.011292
SMIM1	Neonatal	2.002295
SMIM1	Neonatal	1.833412
SMIM1	Neonatal	1.918499
SMIM1	Neonatal	1.940106
SMIM1	Neonatal	2.069611
SMIM1	Neonatal	2.111347
SMIM1	Neonatal	2.017893
RN7SL574P	Adult	0.949044
RN7SL574P	Adult	0.943593
RN7SL574P	Adult	0.95174
RN7SL574P	Adult	1.028643
RN7SL574P	Adult	0.994197
RN7SL574P	Adult	1.03658
RN7SL574P	Adult	1.074608
RN7SL574P	Adult	0.942931
RN7SL574P	Adult	0.933706
RN7SL574P	Adult	1.009176
RN7SL574P	Neonatal	0.156097
RN7SL574P	Neonatal	0.13848
RN7SL574P	Neonatal	0.155307
RN7SL574P	Neonatal	0.138216
RN7SL574P	Neonatal	0.14118
RN7SL574P	Neonatal	0.138162
RN7SL574P	Neonatal	0.158578
RN7SL574P	Neonatal	0.140124
RN7SL574P	Neonatal	0.133887
RN7SL574P	Neonatal	0.153816
CEP104	Adult	1.91681
CEP104	Adult	1.718713
CEP104	Adult	1.942011
CEP104	Adult	2.029911
CEP104	Adult	2.102167
CEP104	Adult	2.019038
CEP104	Adult	1.859008
CEP104	Adult	2.210764
CEP104	Adult	2.107064
CEP104	Adult	1.820188
CEP104	Neonatal	1.703846
CEP104	Neonatal	2.130755
CEP104	Neonatal	1.914558
CEP104	Neonatal	2.091727
CEP104	Neonatal	2.141974
CEP104	Neonatal	1.95384
CEP104	Neonatal	2.074646
CEP104	Neonatal	2.029887
CEP104	Neonatal	2.030596
CEP104	Neonatal	1.945733
DFFB	Adult	1.954244
DFFB	Adult	2.089619
DFFB	Adult	2.086302
DFFB	Adult	1.913835
DFFB	Adult	2.045905
DFFB	Adult	1.951038
DFFB	Adult	1.980458
DFFB	Adult	2.081885
DFFB	Adult	1.99007
DFFB	Adult	1.91574
DFFB	Neonatal	1.872229
DFFB	Neonatal	2.083381
DFFB	Neonatal	1.908108
DFFB	Neonatal	1.95653
DFFB	Neonatal	2.042734
DFFB	Neonatal	2.092116
DFFB	Neonatal	2.248213
DFFB	Neonatal	1.771692
DFFB	Neonatal	2.004318
DFFB	Neonatal	2.050743
C1orf174	Adult	2.840943
C1orf174	Adult	3.299893
C1orf174	Adult	3.206864
C1orf174	Adult	2.997757
C1orf174	Adult	2.911819
C1orf174	Adult	2.908325
C1orf174	Adult	3.304674
C1orf174	Adult	2.899796
C1orf174	Adult	3.036233
C1orf174	Adult	3.110115
C1orf174	Neonatal	0.176009
C1orf174	Neonatal	0.169574
C1orf174	Neonatal	0.157867
C1orf174	Neonatal	0.158166
C1orf174	Neonatal	0.164611
C1orf174	Neonatal	0.166103
C1orf174	Neonatal	0.177502
C1orf174	Neonatal	0.160249
C1orf174	Neonatal	0.157956
C1orf174	Neonatal	0.169815
AJAP1	Adult	0.945611
AJAP1	Adult	1.006191
AJAP1	Adult	0.983211
AJAP1	Adult	1.085353
AJAP1	Adult	1.041984
AJAP1	Adult	0.934911
AJAP1	Adult	1.044751
AJAP1	Adult	1.049192
AJAP1	Adult	1.010045
AJAP1	Adult	0.991509
AJAP1	Neonatal	0.93759
AJAP1	Neonatal	0.925234
AJAP1	Neonatal	0.948586
AJAP1	Neonatal	1.018068
AJAP1	Neonatal	0.990295
AJAP1	Neonatal	1.014248
AJAP1	Neonatal	0.918523
AJAP1	Neonatal	0.944414
AJAP1	Neonatal	0.961432
AJAP1	Neonatal	0.955196
NPHP4	Adult	1.132676
NPHP4	Adult	0.957599
NPHP4	Adult	0.898359
NPHP4	Adult	1.121377
NPHP4	Adult	0.94835
NPHP4	Adult	1.012852
NPHP4	Adult	0.888289
NPHP4	Adult	0.994271
NPHP4	Adult	0.877806
NPHP4	Adult	0.945132
NPHP4	Neonatal	0.066244
NPHP4	Neonatal	0.068658
NPHP4	Neonatal	0.068057
NPHP4	Neonatal	0.060148
NPHP4	Neonatal	0.068229
NPHP4	Neonatal	0.070057
NPHP4	Neonatal	0.061656
NPHP4	Neonatal	0.064274
NPHP4	Neonatal	0.064373
NPHP4	Neonatal	0.060263
KCNAB2	Adult	1.082884
KCNAB2	Adult	0.869705
KCNAB2	Adult	0.907249
KCNAB2	Adult	0.95008
KCNAB2	Adult	1.078476
KCNAB2	Adult	0.924149
KCNAB2	Adult	1.101075
KCNAB2	Adult	1.003102
KCNAB2	Adult	0.910306
KCNAB2	Adult	1.02979
KCNAB2	Neonatal	1.078285
KCNAB2	Neonatal	1.038906
KCNAB2	Neonatal	0.965706
KCNAB2	Neonatal	1.000777
KCNAB2	Neonatal	1.047727
KCNAB2	Neonatal	0.951552
KCNAB2	Neonatal	0.903133
KCNAB2	Neonatal	0.933138
KCNAB2	Neonatal	0.862614
KCNAB2	Neonatal	1.076973
CHD5	Adult	2.063827
CHD5	Adult	1.884971
CHD5	Adult	2.118074
CHD5	Adult	1.805503
CHD5	Adult	1.962955
CHD5	Adult	2.02624
CHD5	Adult	2.086392
CHD5	Adult	1.839402
CHD5	Adult	2.028483
CHD5	Adult	1.851353
CHD5	Neonatal	0.294631
CHD5	Neonatal	0.298561
CHD5	Neonatal	0.28832
CHD5	Neonatal	0.304495
CHD5	Neonatal	0.278615
CHD5	Neonatal	0.285331
CHD5	Neonatal	0.284521
CHD5	Neonatal	0.305488
CHD5	Neonatal	0.303765
CHD5	Neonatal	0.288823
RNF207	Adult	1.030061
RNF207	Adult	1.075281
RNF207	Adult	0.866666
RNF207	Adult	1.117983
RNF207	Adult	1.130739
RNF207	Adult	0.938874
RNF207	Adult	1.03326
RNF207	Adult	0.940104
RNF207	Adult	1.015367
RNF207	Adult	0.928208
RNF207	Neonatal	0.983193
RNF207	Neonatal	0.992735
RNF207	Neonatal	1.051667
RNF207	Neonatal	1.05938
RNF207	Neonatal	1.087836
RNF207	Neonatal	1.03605
RNF207	Neonatal	1.111326
RNF207	Neonatal	1.105718
RNF207	Neonatal	0.99381
RNF207	Neonatal	1.054893
ICMT	Adult	1.090565
ICMT	Adult	1.113017
ICMT	Adult	0.954763
ICMT	Adult	0.931363
ICMT	Adult	1.080493
ICMT	Adult	0.925594
ICMT	Adult	1.030501
ICMT	Adult	0.939441
ICMT	Adult	1.026097
ICMT	Adult	1.068008
ICMT	Neonatal	0.962076
ICMT	Neonatal	1.029353
ICMT	Neonatal	0.997746
ICMT	Neonatal	0.938815
ICMT	Neonatal	1.034262
ICMT	Neonatal	0.954377
ICMT	Neonatal	0.93151
ICMT	Neonatal	0.947408
ICMT	Neonatal	0.930134
ICMT	Neonatal	1.03445
HES3	Adult	0.995943
HES3	Adult	1.058478
HES3	Adult	1.048035
HES3	Adult	0.907133
HES3	Adult	0.943732
HES3	Adult	0.966855
HES3	Adult	0.914524
HES3	Adult	0.936801
HES3	Adult	0.949381
HES3	Adult	0.960397
HES3	Neonatal	0.979902
HES3	Neonatal	1.035762
HES3	Neonatal	1.024965
HES3	Neonatal	1.027178
HES3	Neonatal	1.013461
HES3	Neonatal	0.9847
HES3	Neonatal	1.014365
HES3	Neonatal	0.942661
HES3	Neonatal	0.952497
HES3	Neonatal	0.993342
GPR153	Adult	2.941983
GPR153	Adult	2.706405
GPR153	Adult	2.739163
GPR153	Adult	3.117707
GPR153	Adult	3.112443
GPR153	Adult	3.170597
GPR153	Adult	3.242305
GPR153	Adult	2.868189
GPR153	Adult	2.892301
GPR153	Adult	2.672124
GPR153	Neonatal	0.460404
GPR153	Neonatal	0.469514
GPR153	Neonatal	0.45648
GPR153	Neonatal	0.468763
GPR153	Neonatal	0.393335
GPR153	Neonatal	0.456961
GPR153	Neonatal	0.427703
GPR153	Neonatal	0.428609
GPR153	Neonatal	0.408878
GPR153	Neonatal	0.41201
HES2	Adult	1.970952
HES2	Adult	2.183544
HES2	Adult	1.871382
HES2	Adult	1.918241
HES2	Adult	2.160062
HES2	Adult	2.129295
HES2	Adult	1.844585
HES2	Adult	1.829839
HES2	Adult	2.176309
HES2	Adult	1.925756
HES2	Neonatal	0.119993
HES2	Neonatal	0.131833
HES2	Neonatal	0.120924
HES2	Neonatal	0.128508
HES2	Neonatal	0.128567
HES2	Neonatal	0.126765
HES2	Neonatal	0.122424
HES2	Neonatal	0.128033
HES2	Neonatal	0.133899
HES2	Neonatal	0.135415
TNFRSF25	Adult	3.078107
TNFRSF25	Adult	3.272912
TNFRSF25	Adult	2.955347
TNFRSF25	Adult	2.73474
TNFRSF25	Adult	3.137867
TNFRSF25	Adult	3.265994
TNFRSF25	Adult	3.093054
TNFRSF25	Adult	3.110329
TNFRSF25	Adult	2.737369
TNFRSF25	Adult	3.115839
TNFRSF25	Neonatal	3.082022
TNFRSF25	Neonatal	3.035493
TNFRSF25	Neonatal	3.08146
TNFRSF25	Neonatal	3.098006
TNFRSF25	Neonatal	2.892642
TNFRSF25	Neonatal	2.668474
TNFRSF25	Neonatal	3.234069
TNFRSF25	Neonatal	2.917526
TNFRSF25	Neonatal	2.648697
TNFRSF25	Neonatal	2.726658
PLEKHG5	Adult	2.196612
PLEKHG5	Adult	2.049353
PLEKHG5	Adult	2.17183
PLEKHG5	Adult	1.855469
PLEKHG5	Adult	1.909438
PLEKHG5	Adult	2.254138
PLEKHG5	Adult	2.005332
PLEKHG5	Adult	2.073607
PLEKHG5	Adult	1.763458
PLEKHG5	Adult	2.104831
PLEKHG5	Neonatal	1.889739
PLEKHG5	Neonatal	2.235869
PLEKHG5	Neonatal	1.951611
PLEKHG5	Neonatal	1.928921
PLEKHG5	Neonatal	2.000469
PLEKHG5	Neonatal	1.902179
PLEKHG5	Neonatal	2.061976
PLEKHG5	Neonatal	1.823877
PLEKHG5	Neonatal	2.02307
PLEKHG5	Neonatal	1.860122
NOL9	Adult	3.199689
NOL9	Adult	3.147434
NOL9	Adult	2.731141
NOL9	Adult	2.833877
NOL9	Adult	3.04389
NOL9	Adult	3.106951
NOL9	Adult	2.90284
NOL9	Adult	2.914807
NOL9	Adult	2.807278
NOL9	Adult	3.137854
NOL9	Neonatal	2.979099
NOL9	Neonatal	2.796039
NOL9	Neonatal	3.097141
NOL9	Neonatal	2.755373
NOL9	Neonatal	2.992957
NOL9	Neonatal	3.062081
NOL9	Neonatal	2.934694
NOL9	Neonatal	3.204099
NOL9	Neonatal	2.993062
NOL9	Neonatal	3.111845
RNU6-731P	Adult	2.101026
RNU6-731P	Adult	1.897779
RNU6-731P	Adult	2.055543
RNU6-731P	Adult	1.915005
RNU6-731P	Adult	1.991672
RNU6-731P	Adult	2.077689
RNU6-731P	Adult	1.906164
RNU6-731P	Adult	1.899771
RNU6-731P	Adult	1.899628
RNU6-731P	Adult	2.09441
RNU6-731P	Neonatal	1.9503
RNU6-731P	Neonatal	1.88755
RNU6-731P	Neonatal	2.203384
RNU6-731P	Neonatal	2.223494
RNU6-731P	Neonatal	1.948285
RNU6-731P	Neonatal	1.964674
RNU6-731P	Neonatal	2.043437
RNU6-731P	Neonatal	1.89894
RNU6-731P	Neonatal	2.059341
RNU6-731P	Neonatal	2.150857
TAS1R1	Adult	1.884483
TAS1R1	Adult	1.813402
TAS1R1	Adult	2.117156
TAS1R1	Adult	2.059618
TAS1R1	Adult	2.08884
TAS1R1	Adult	2.081824
TAS1R1	Adult	1.910575
TAS1R1	Adult	1.82773
TAS1R1	Adult	2.142878
TAS1R1	Adult	2.115786
TAS1R1	Neonatal	2.114291
TAS1R1	Neonatal	1.971374
TAS1R1	Neonatal	1.91692
TAS1R1	Neonatal	2.107903
TAS1R1	Neonatal	2.113904
TAS1R1	Neonatal	1.936046
TAS1R1	Neonatal	2.096741
TAS1R1	Neonatal	1.967804
TAS1R1	Neonatal	2.027984
TAS1R1	Neonatal	2.114858
KLHL21	Adult	3.146082
KLHL21	Adult	3.080723
KLHL21	Adult	2.831726
KLHL21	Adult	2.969494
KLHL21	Adult	2.958648
KLHL21	Adult	3.086069
KLHL21	Adult	3.107045
KLHL21	Adult	3.168342
KLHL21	Adult	3.046047
KLHL21	Adult	3.003127
KLHL21	Neonatal	2.93863
KLHL21	Neonatal	3.305473
KLHL21	Neonatal	2.70127
KLHL21	Neonatal	3.332095
KLHL21	Neonatal	2.837158
KLHL21	Neonatal	3.025943
KLHL21	Neonatal	3.287637
KLHL21	Neonatal	2.823505
KLHL21	Neonatal	2.798852
KLHL21	Neonatal	2.656722
THAP3	Adult	2.880924
THAP3	Adult	3.111247
THAP3	Adult	3.20588
THAP3	Adult	2.996936
THAP3	Adult	3.134909
THAP3	Adult	3.122688
THAP3	Adult	2.885053
THAP3	Adult	3.155827
THAP3	Adult	3.208863
THAP3	Adult	3.100782
THAP3	Neonatal	2.985079
THAP3	Neonatal	3.050938
THAP3	Neonatal	3.071559
THAP3	Neonatal	3.208376
THAP3	Neonatal	3.041499
THAP3	Neonatal	2.928839
THAP3	Neonatal	3.133433
THAP3	Neonatal	2.936909
THAP3	Neonatal	2.950486
THAP3	Neonatal	3.034236
CAMTA1	Adult	2.083688
CAMTA1	Adult	1.886743
CAMTA1	Adult	1.941408
CAMTA1	Adult	2.00978
CAMTA1	Adult	2.007101
CAMTA1	Adult	2.086124
CAMTA1	Adult	2.049417
CAMTA1	Adult	2.100168
CAMTA1	Adult	1.999168
CAMTA1	Adult	2.055299
CAMTA1	Neonatal	0.180291
CAMTA1	Neonatal	0.193133
CAMTA1	Neonatal	0.197171
CAMTA1	Neonatal	0.21969
CAMTA1	Neonatal	0.194435
CAMTA1	Neonatal	0.193204
CAMTA1	Neonatal	0.180648
CAMTA1	Neonatal	0.20762
CAMTA1	Neonatal	0.192216
CAMTA1	Neonatal	0.221237
RNU1-8P	Adult	2.159291
RNU1-8P	Adult	2.213583
RNU1-8P	Adult	2.154568
RNU1-8P	Adult	1.948385
RNU1-8P	Adult	1.873582
RNU1-8P	Adult	1.919872
RNU1-8P	Adult	1.942119
RNU1-8P	Adult	1.884699
RNU1-8P	Adult	2.169899
RNU1-8P	Adult	2.151242
RNU1-8P	Neonatal	0.119995
RNU1-8P	Neonatal	0.110797
RNU1-8P	Neonatal	0.122708
RNU1-8P	Neonatal	0.116081
RNU1-8P	Neonatal	0.115294
RNU1-8P	Neonatal	0.11033
RNU1-8P	Neonatal	0.123153
RNU1-8P	Neonatal	0.115121
RNU1-8P	Neonatal	0.112964
RNU1-8P	Neonatal	0.122426
VAMP3	Adult	1.816797
VAMP3	Adult	1.906559
VAMP3	Adult	2.120379
VAMP3	Adult	1.869868
VAMP3	Adult	1.853461
VAMP3	Adult	2.088599
VAMP3	Adult	1.816585
VAMP3	Adult	2.048582
VAMP3	Adult	2.143807
VAMP3	Adult	2.010603
VAMP3	Neonatal	1.994655
VAMP3	Neonatal	1.921986
VAMP3	Neonatal	2.147701
VAMP3	Neonatal	2.050553
VAMP3	Neonatal	1.898154
VAMP3	Neonatal	2.176733
VAMP3	Neonatal	1.894987
VAMP3	Neonatal	2.147104
VAMP3	Neonatal	2.166724
VAMP3	Neonatal	2.019132
PER3	Adult	1.11766
PER3	Adult	1.026478
PER3	Adult	1.102355
PER3	Adult	1.049118
PER3	Adult	1.034047
PER3	Adult	1.122567
PER3	Adult	1.089271
PER3	Adult	1.11306
PER3	Adult	0.942224
PER3	Adult	1.021906
PER3	Neonatal	0.086669
PER3	Neonatal	0.090815
PER3	Neonatal	0.085896
PER3	Neonatal	0.085327
PER3	Neonatal	0.08665
PER3	Neonatal	0.089665
PER3	Neonatal	0.092081
PER3	Neonatal	0.086873
PER3	Neonatal	0.089862
PER3	Neonatal	0.083512
UTS2	Adult	0.99557
UTS2	Adult	0.895928
UTS2	Adult	0.958869
UTS2	Adult	1.016193
UTS2	Adult	1.133602
UTS2	Adult	0.921199
UTS2	Adult	0.944453
UTS2	Adult	0.901835
UTS2	Adult	0.906084
UTS2	Adult	1.106041
UTS2	Neonatal	0.899831
UTS2	Neonatal	1.049566
UTS2	Neonatal	1.028512
UTS2	Neonatal	0.919424
UTS2	Neonatal	0.970367
UTS2	Neonatal	0.919044
UTS2	Neonatal	1.051394
UTS2	Neonatal	1.044005
UTS2	Neonatal	0.945936
UTS2	Neonatal	0.988627
TNFRSF9	Adult	2.885783
TNFRSF9	Adult	3.290902
TNFRSF9	Adult	3.347815
TNFRSF9	Adult	2.853836
TNFRSF9	Adult	2.673039
TNFRSF9	Adult	2.862658
TNFRSF9	Adult	2.884212
TNFRSF9	Adult	3.202307
TNFRSF9	Adult	2.843912
TNFRSF9	Adult	2.855729
TNFRSF9	Neonatal	0.336878
TNFRSF9	Neonatal	0.329916
TNFRSF9	Neonatal	0.319086
TNFRSF9	Neonatal	0.340952
TNFRSF9	Neonatal	0.35312
TNFRSF9	Neonatal	0.324613
TNFRSF9	Neonatal	0.348729
TNFRSF9	Neonatal	0.34204
TNFRSF9	Neonatal	0.329995
TNFRSF9	Neonatal	0.319838
PARK7	Adult	0.99831
PARK7	Adult	0.948816
PARK7	Adult	1.048041
PARK7	Adult	1.036084
PARK7	Adult	0.99514
PARK7	Adult	0.988587
PARK7	Adult	1.003008
PARK7	Adult	0.964139
PARK7	Adult	0.986931
PARK7	Adult	1.036533
PARK7	Neonatal	1.115152
PARK7	Neonatal	1.11103
PARK7	Neonatal	1.009591
PARK7	Neonatal	0.966215
PARK7	Neonatal	0.993733
PARK7	Neonatal	1.11111
PARK7	Neonatal	1.002773
PARK7	Neonatal	1.094561
PARK7	Neonatal	0.943744
PARK7	Neonatal	0.937493
RF00019	Adult	3.210877
RF00019	Adult	3.146219
RF00019	Adult	3.034624
RF00019	Adult	3.296535
RF00019	Adult	3.235827
RF00019	Adult	3.133793
RF00019	Adult	2.63175
RF00019	Adult	2.874949
RF00019	Adult	2.836195
RF00019	Adult	3.16069
RF00019	Neonatal	0.461419
RF00019	Neonatal	0.476227
RF00019	Neonatal	0.447259
RF00019	Neonatal	0.385641
RF00019	Neonatal	0.488932
RF00019	Neonatal	0.484867
RF00019	Neonatal	0.445828
RF00019	Neonatal	0.490078
RF00019	Neonatal	0.415559
RF00019	Neonatal	0.444182
ERRFI1	Adult	1.020176
ERRFI1	Adult	1.039857
ERRFI1	Adult	0.987041
ERRFI1	Adult	1.124302
ERRFI1	Adult	0.943949
ERRFI1	Adult	1.09052
ERRFI1	Adult	0.950758
ERRFI1	Adult	0.90393
ERRFI1	Adult	1.071194
ERRFI1	Adult	0.883414
ERRFI1	Neonatal	0.126557
ERRFI1	Neonatal	0.123461
ERRFI1	Neonatal	0.129229
ERRFI1	Neonatal	0.129103
ERRFI1	Neonatal	0.123624
ERRFI1	Neonatal	0.12443
ERRFI1	Neonatal	0.127038
ERRFI1	Neonatal	0.127666
ERRFI1	Neonatal	0.122506
ERRFI1	Neonatal	0.128358
RNU1-7P	Adult	2.734604
RNU1-7P	Adult	3.074205
RNU1-7P	Adult	3.119882
RNU1-7P	Adult	3.134988
RNU1-7P	Adult	2.885031
RNU1-7P	Adult	2.916441
RNU1-7P	Adult	3.145371
RNU1-7P	Adult	3.094581
RNU1-7P	Adult	2.870351
RNU1-7P	Adult	2.723907
RNU1-7P	Neonatal	2.622627
RNU1-7P	Neonatal	2.804241
RNU1-7P	Neonatal	2.577035
RNU1-7P	Neonatal	2.616993
RNU1-7P	Neonatal	2.759636
RNU1-7P	Neonatal	2.903321
RNU1-7P	Neonatal	3.125962
RNU1-7P	Neonatal	2.607985
RNU1-7P	Neonatal	2.838128
RNU1-7P	Neonatal	2.867941
RNU6-991P	Adult	1.003221
RNU6-991P	Adult	1.020193
RNU6-991P	Adult	1.115569
RNU6-991P	Adult	1.034967
RNU6-991P	Adult	0.917392
RNU6-991P	Adult	1.017916
RNU6-991P	Adult	1.029235
RNU6-991P	Adult	0.943352
RNU6-991P	Adult	0.996983
RNU6-991P	Adult	1.091512
RNU6-991P	Neonatal	0.958512
RNU6-991P	Neonatal	1.032085
RNU6-991P	Neonatal	1.040047
RNU6-991P	Neonatal	0.954255
RNU6-991P	Neonatal	1.020618
RNU6-991P	Neonatal	1.062605
RNU6-991P	Neonatal	0.932435
RNU6-991P	Neonatal	1.006349
RNU6-991P	Neonatal	1.055
RNU6-991P	Neonatal	0.983704
SLC45A1	Adult	2.080443
SLC45A1	Adult	1.993427
SLC45A1	Adult	1.898448
SLC45A1	Adult	2.086309
SLC45A1	Adult	1.981552
SLC45A1	Adult	2.04634
SLC45A1	Adult	2.018355
SLC45A1	Adult	1.93551
SLC45A1	Adult	2.098472
SLC45A1	Adult	1.913163
SLC45A1	Neonatal	0.223006
SLC45A1	Neonatal	0.230151
SLC45A1	Neonatal	0.228756
SLC45A1	Neonatal	0.246764
SLC45A1	Neonatal	0.235793
SLC45A1	Neonatal	0.243176
SLC45A1	Neonatal	0.22269
SLC45A1	Neonatal	0.233304
SLC45A1	Neonatal	0.23019
SLC45A1	Neonatal	0.226674
RERE	Adult	1.050794
RERE	Adult	1.03263
RERE	Adult	1.014793
RERE	Adult	0.989874
RERE	Adult	1.028788
RERE	Adult	1.042204
RERE	Adult	1.035419
RERE	Adult	0.975803
RERE	Adult	1.020657
RERE	Adult	0.963169
RERE	Neonatal	0.103763
RERE	Neonatal	0.129063
RERE	Neonatal	0.115788
RERE	Neonatal	0.107183
RERE	Neonatal	0.117126
RERE	Neonatal	0.1193
RERE	Neonatal	0.118157
RERE	Neonatal	0.120981
RERE	Neonatal	0.111309
RERE	Neonatal	0.108562
RF00019	Adult	3.014333
RF00019	Adult	3.03797
RF00019	Adult	3.264148
RF00019	Adult	3.318947
RF00019	Adult	2.712178
RF00019	Adult	3.289077
RF00019	Adult	3.242798
RF00019	Adult	3.047019
RF00019	Adult	3.311022
RF00019	Adult	3.048858
RF00019	Neonatal	0.396098
RF00019	Neonatal	0.383934
RF00019	Neonatal	0.403065
RF00019	Neonatal	0.393656
RF00019	Neonatal	0.365455
RF00019	Neonatal	0.394322
RF00019	Neonatal	0.382543
RF00019	Neonatal	0.384336
RF00019	Neonatal	0.42061
RF00019	Neonatal	0.432405
ENO1	Adult	3.080449
ENO1	Adult	2.879565
ENO1	Adult	2.956739
ENO1	Adult	3.087971
ENO1	Adult	2.908059
ENO1	Adult	2.993221
ENO1	Adult	2.847227
ENO1	Adult	2.964062
ENO1	Adult	2.825032
ENO1	Adult	3.051587
ENO1	Neonatal	0.242632
ENO1	Neonatal	0.239071
ENO1	Neonatal	0.210228
ENO1	Neonatal	0.256838
ENO1	Neonatal	0.245947
ENO1	Neonatal	0.244803
ENO1	Neonatal	0.25843
ENO1	Neonatal	0.22851
ENO1	Neonatal	0.257702
ENO1	Neonatal	0.238925
CA6	Adult	0.959636
CA6	Adult	0.976629
CA6	Adult	1.030814
CA6	Adult	1.026843
CA6	Adult	0.996874
CA6	Adult	0.957855
CA6	Adult	1.056047
CA6	Adult	0.950447
CA6	Adult	0.94365
CA6	Adult	0.948997
CA6	Neonatal	0.107447
CA6	Neonatal	0.100696
CA6	Neonatal	0.115488
CA6	Neonatal	0.115964
CA6	Neonatal	0.1039
CA6	Neonatal	0.10625
CA6	Neonatal	0.108515
CA6	Neonatal	0.097669
CA6	Neonatal	0.102826
CA6	Neonatal	0.103874
RN7SL451P	Adult	2.991346
RN7SL451P	Adult	2.831973
RN7SL451P	Adult	2.93621
RN7SL451P	Adult	3.013621
RN7SL451P	Adult	3.096822
RN7SL451P	Adult	3.058688
RN7SL451P	Adult	2.967687
RN7SL451P	Adult	3.096772
RN7SL451P	Adult	2.935234
RN7SL451P	Adult	2.867703
RN7SL451P	Neonatal	0.456622
RN7SL451P	Neonatal	0.441301
RN7SL451P	Neonatal	0.422863
RN7SL451P	Neonatal	0.430159
RN7SL451P	Neonatal	0.425797
RN7SL451P	Neonatal	0.399619
RN7SL451P	Neonatal	0.419832
RN7SL451P	Neonatal	0.416129
RN7SL451P	Neonatal	0.454671
RN7SL451P	Neonatal	0.400448
SLC2A7	Adult	2.133085
SLC2A7	Adult	1.898622
SLC2A7	Adult	1.958847
SLC2A7	Adult	1.898773
SLC2A7	Adult	1.988702
SLC2A7	Adult	2.097197
SLC2A7	Adult	2.020999
SLC2A7	Adult	2.093593
SLC2A7	Adult	1.872806
SLC2A7	Adult	1.96772
SLC2A7	Neonatal	0.12572
SLC2A7	Neonatal	0.126939
SLC2A7	Neonatal	0.132191
SLC2A7	Neonatal	0.136853
SLC2A7	Neonatal	0.122871
SLC2A7	Neonatal	0.124079
SLC2A7	Neonatal	0.123767
SLC2A7	Neonatal	0.130761
SLC2A7	Neonatal	0.125555
SLC2A7	Neonatal	0.138284
H6PD	Adult	1.044569
H6PD	Adult	0.932965
H6PD	Adult	1.065683
H6PD	Adult	1.005839
H6PD	Adult	1.099737
H6PD	Adult	0.998174
H6PD	Adult	1.061708
H6PD	Adult	0.970922
H6PD	Adult	0.967832
H6PD	Adult	0.892213
H6PD	Neonatal	0.145486
H6PD	Neonatal	0.142478
H6PD	Neonatal	0.133646
H6PD	Neonatal	0.145902
H6PD	Neonatal	0.131503
H6PD	Neonatal	0.131389
H6PD	Neonatal	0.137525
H6PD	Neonatal	0.130645
H6PD	Neonatal	0.128511
H6PD	Neonatal	0.138592
SLC25A33	Adult	1.053046
SLC25A33	Adult	0.934111
SLC25A33	Adult	0.962796
SLC25A33	Adult	0.928937
SLC25A33	Adult	0.926217
SLC25A33	Adult	0.967487
SLC25A33	Adult	0.946422
SLC25A33	Adult	0.942806
SLC25A33	Adult	0.993479
SLC25A33	Adult	1.046856
SLC25A33	Neonatal	0.095403
SLC25A33	Neonatal	0.094726
SLC25A33	Neonatal	0.091454
SLC25A33	Neonatal	0.085209
SLC25A33	Neonatal	0.095108
SLC25A33	Neonatal	0.091358
SLC25A33	Neonatal	0.086677
SLC25A33	Neonatal	0.087573
SLC25A33	Neonatal	0.085716
SLC25A33	Neonatal	0.085011
TMEM201	Adult	2.005799
TMEM201	Adult	1.862707
TMEM201	Adult	2.004704
TMEM201	Adult	2.145451
TMEM201	Adult	2.075194
TMEM201	Adult	2.111285
TMEM201	Adult	1.851742
TMEM201	Adult	1.890273
TMEM201	Adult	2.046729
TMEM201	Adult	1.935191
TMEM201	Neonatal	1.817986
TMEM201	Neonatal	1.837133
TMEM201	Neonatal	1.743522
TMEM201	Neonatal	2.164207
TMEM201	Neonatal	2.100149
TMEM201	Neonatal	2.007458
TMEM201	Neonatal	1.841888
TMEM201	Neonatal	2.166583
TMEM201	Neonatal	1.892899
TMEM201	Neonatal	2.075986
CLSTN1	Adult	1.016463
CLSTN1	Adult	1.042926
CLSTN1	Adult	0.972469
CLSTN1	Adult	1.020109
CLSTN1	Adult	1.032019
CLSTN1	Adult	0.95226
CLSTN1	Adult	1.038326
CLSTN1	Adult	0.973403
CLSTN1	Adult	1.015367
CLSTN1	Adult	0.990412
CLSTN1	Neonatal	1.070577
CLSTN1	Neonatal	0.985063
CLSTN1	Neonatal	0.870763
CLSTN1	Neonatal	1.079656
CLSTN1	Neonatal	1.133778
CLSTN1	Neonatal	1.044818
CLSTN1	Neonatal	1.143268
CLSTN1	Neonatal	0.877291
CLSTN1	Neonatal	0.994836
CLSTN1	Neonatal	0.93964
CTNNBIP1	Adult	0.962131
CTNNBIP1	Adult	0.97566
CTNNBIP1	Adult	0.945632
CTNNBIP1	Adult	0.96222
CTNNBIP1	Adult	1.021265
CTNNBIP1	Adult	1.013852
CTNNBIP1	Adult	1.03641
CTNNBIP1	Adult	0.966191
CTNNBIP1	Adult	1.042094
CTNNBIP1	Adult	0.989714
CTNNBIP1	Neonatal	1.104326
CTNNBIP1	Neonatal	1.067953
CTNNBIP1	Neonatal	1.062646
CTNNBIP1	Neonatal	0.998922
CTNNBIP1	Neonatal	0.97776
CTNNBIP1	Neonatal	0.988455
CTNNBIP1	Neonatal	1.057254
CTNNBIP1	Neonatal	1.010777
CTNNBIP1	Neonatal	1.034879
CTNNBIP1	Neonatal	0.982279
LZIC	Adult	2.041443
LZIC	Adult	1.912658
LZIC	Adult	2.035196
LZIC	Adult	2.021024
LZIC	Adult	2.073404
LZIC	Adult	2.094637
LZIC	Adult	1.944429
LZIC	Adult	2.078785
LZIC	Adult	1.9467
LZIC	Adult	1.842577
LZIC	Neonatal	1.933411
LZIC	Neonatal	2.015275
LZIC	Neonatal	2.228047
LZIC	Neonatal	2.036085
LZIC	Neonatal	2.132128
LZIC	Neonatal	2.041419
LZIC	Neonatal	2.142865
LZIC	Neonatal	2.0525
LZIC	Neonatal	2.181925
LZIC	Neonatal	2.210184
NMNAT1	Adult	2.165171
NMNAT1	Adult	2.233394
NMNAT1	Adult	2.238974
NMNAT1	Adult	1.984576
NMNAT1	Adult	2.101036
NMNAT1	Adult	1.763068
NMNAT1	Adult	2.15246
NMNAT1	Adult	2.015887
NMNAT1	Adult	2.017569
NMNAT1	Adult	1.941952
NMNAT1	Neonatal	1.882779
NMNAT1	Neonatal	2.211592
NMNAT1	Neonatal	2.320304
NMNAT1	Neonatal	2.009279
NMNAT1	Neonatal	1.982106
NMNAT1	Neonatal	1.905063
NMNAT1	Neonatal	2.13999
NMNAT1	Neonatal	2.293537
NMNAT1	Neonatal	2.043036
NMNAT1	Neonatal	2.017248
UBE4B	Adult	2.74218
UBE4B	Adult	2.552834
UBE4B	Adult	2.945787
UBE4B	Adult	2.686458
UBE4B	Adult	2.76389
UBE4B	Adult	3.380356
UBE4B	Adult	2.647078
UBE4B	Adult	3.01445
UBE4B	Adult	3.227804
UBE4B	Adult	3.081998
UBE4B	Neonatal	2.907246
UBE4B	Neonatal	3.240127
UBE4B	Neonatal	2.968135
UBE4B	Neonatal	2.738828
UBE4B	Neonatal	2.800306
UBE4B	Neonatal	2.764409
UBE4B	Neonatal	3.048598
UBE4B	Neonatal	2.980961
UBE4B	Neonatal	2.772467
UBE4B	Neonatal	3.142596
KIF1B	Adult	2.871193
KIF1B	Adult	2.954319
KIF1B	Adult	2.830612
KIF1B	Adult	3.179076
KIF1B	Adult	2.849747
KIF1B	Adult	3.156306
KIF1B	Adult	3.097131
KIF1B	Adult	3.070027
KIF1B	Adult	3.072786
KIF1B	Adult	3.150417
KIF1B	Neonatal	3.09083
KIF1B	Neonatal	3.150824
KIF1B	Neonatal	3.048723
KIF1B	Neonatal	2.941254
KIF1B	Neonatal	2.876755
KIF1B	Neonatal	3.04484
KIF1B	Neonatal	2.950661
KIF1B	Neonatal	2.972662
KIF1B	Neonatal	3.038427
KIF1B	Neonatal	2.899456
MIR1273D	Adult	2.806852
MIR1273D	Adult	2.98213
MIR1273D	Adult	2.779049
MIR1273D	Adult	3.079887
MIR1273D	Adult	3.009655
MIR1273D	Adult	2.918666
MIR1273D	Adult	3.04385
MIR1273D	Adult	3.2002
MIR1273D	Adult	2.858834
MIR1273D	Adult	3.183454
MIR1273D	Neonatal	0.21638
MIR1273D	Neonatal	0.23375
MIR1273D	Neonatal	0.221646
MIR1273D	Neonatal	0.216894
MIR1273D	Neonatal	0.217177
MIR1273D	Neonatal	0.211315
MIR1273D	Neonatal	0.227544
MIR1273D	Neonatal	0.222762
MIR1273D	Neonatal	0.223537
MIR1273D	Neonatal	0.231333
RN7SL731P	Adult	1.051049
RN7SL731P	Adult	1.05349
RN7SL731P	Adult	1.097723
RN7SL731P	Adult	1.105396
RN7SL731P	Adult	1.020582
RN7SL731P	Adult	1.077896
RN7SL731P	Adult	0.957266
RN7SL731P	Adult	1.109167
RN7SL731P	Adult	0.90943
RN7SL731P	Adult	0.871487
RN7SL731P	Neonatal	1.00081
RN7SL731P	Neonatal	1.043972
RN7SL731P	Neonatal	0.999336
RN7SL731P	Neonatal	1.059457
RN7SL731P	Neonatal	1.07765
RN7SL731P	Neonatal	1.060929
RN7SL731P	Neonatal	1.019405
RN7SL731P	Neonatal	1.074991
RN7SL731P	Neonatal	1.010883
RN7SL731P	Neonatal	1.0125
DFFA	Adult	1.001508
DFFA	Adult	1.072293
DFFA	Adult	1.084072
DFFA	Adult	0.874883
DFFA	Adult	0.985658
DFFA	Adult	0.872659
DFFA	Adult	0.954831
DFFA	Adult	0.98681
DFFA	Adult	1.077204
DFFA	Adult	0.97835
DFFA	Neonatal	0.060155
DFFA	Neonatal	0.059889
DFFA	Neonatal	0.057811
DFFA	Neonatal	0.058689
DFFA	Neonatal	0.057205
DFFA	Neonatal	0.0516
DFFA	Neonatal	0.060418
DFFA	Neonatal	0.060228
DFFA	Neonatal	0.060196
DFFA	Neonatal	0.058876
PEX14	Adult	1.00964
PEX14	Adult	0.971792
PEX14	Adult	0.87109
PEX14	Adult	1.039347
PEX14	Adult	0.951882
PEX14	Adult	0.893187
PEX14	Adult	1.011998
PEX14	Adult	1.126106
PEX14	Adult	1.119443
PEX14	Adult	0.878087
PEX14	Neonatal	0.959904
PEX14	Neonatal	0.960386
PEX14	Neonatal	1.003253
PEX14	Neonatal	1.023755
PEX14	Neonatal	0.983521
PEX14	Neonatal	1.112899
PEX14	Neonatal	1.000402
PEX14	Neonatal	1.05153
PEX14	Neonatal	1.051433
PEX14	Neonatal	0.965701
RN7SL614P	Adult	1.010261
RN7SL614P	Adult	1.047743
RN7SL614P	Adult	1.09806
RN7SL614P	Adult	0.883682
RN7SL614P	Adult	1.050629
RN7SL614P	Adult	0.930941
RN7SL614P	Adult	1.087711
RN7SL614P	Adult	1.069371
RN7SL614P	Adult	1.103581
RN7SL614P	Adult	0.994929
RN7SL614P	Neonatal	0.074907
RN7SL614P	Neonatal	0.078834
RN7SL614P	Neonatal	0.091766
RN7SL614P	Neonatal	0.080036
RN7SL614P	Neonatal	0.089569
RN7SL614P	Neonatal	0.091086
RN7SL614P	Neonatal	0.078334
RN7SL614P	Neonatal	0.081292
RN7SL614P	Neonatal	0.082831
RN7SL614P	Neonatal	0.092821
CASZ1	Adult	0.983083
CASZ1	Adult	0.959814
CASZ1	Adult	0.96319
CASZ1	Adult	1.030331
CASZ1	Adult	1.072873
CASZ1	Adult	1.006073
CASZ1	Adult	1.078348
CASZ1	Adult	1.016128
CASZ1	Adult	0.976633
CASZ1	Adult	0.954166
CASZ1	Neonatal	1.000264
CASZ1	Neonatal	1.172672
CASZ1	Neonatal	0.956514
CASZ1	Neonatal	1.120843
CASZ1	Neonatal	1.111658
CASZ1	Neonatal	1.187281
CASZ1	Neonatal	0.907819
CASZ1	Neonatal	1.03735
CASZ1	Neonatal	1.180042
CASZ1	Neonatal	1.07976
C1orf127	Adult	0.955434
C1orf127	Adult	0.922474
C1orf127	Adult	0.9505
C1orf127	Adult	1.085598
C1orf127	Adult	1.083403
C1orf127	Adult	0.900566
C1orf127	Adult	0.954043
C1orf127	Adult	0.974875
C1orf127	Adult	0.921075
C1orf127	Adult	0.985771
C1orf127	Neonatal	1.039322
C1orf127	Neonatal	0.935731
C1orf127	Neonatal	1.010932
C1orf127	Neonatal	0.966975
C1orf127	Neonatal	0.860534
C1orf127	Neonatal	1.038038
C1orf127	Neonatal	0.859544
C1orf127	Neonatal	0.986118
C1orf127	Neonatal	1.086563
C1orf127	Neonatal	0.920509
EXOSC10	Adult	2.909294
EXOSC10	Adult	2.82764
EXOSC10	Adult	2.834762
EXOSC10	Adult	2.877176
EXOSC10	Adult	2.850521
EXOSC10	Adult	3.144415
EXOSC10	Adult	3.093086
EXOSC10	Adult	3.251347
EXOSC10	Adult	2.992559
EXOSC10	Adult	3.035966
EXOSC10	Neonatal	0.328544
EXOSC10	Neonatal	0.329237
EXOSC10	Neonatal	0.359537
EXOSC10	Neonatal	0.368658
EXOSC10	Neonatal	0.325269
EXOSC10	Neonatal	0.339691
EXOSC10	Neonatal	0.348551
EXOSC10	Neonatal	0.342194
EXOSC10	Neonatal	0.325483
EXOSC10	Neonatal	0.339115
ANGPTL7	Adult	1.009102
ANGPTL7	Adult	1.002354
ANGPTL7	Adult	1.028275
ANGPTL7	Adult	0.994574
ANGPTL7	Adult	1.043872
ANGPTL7	Adult	0.954812
ANGPTL7	Adult	1.052685
ANGPTL7	Adult	0.98011
ANGPTL7	Adult	1.039778
ANGPTL7	Adult	1.005146
ANGPTL7	Neonatal	0.078779
ANGPTL7	Neonatal	0.06945
ANGPTL7	Neonatal	0.078225
ANGPTL7	Neonatal	0.081826
ANGPTL7	Neonatal	0.081807
ANGPTL7	Neonatal	0.070804
ANGPTL7	Neonatal	0.079083
ANGPTL7	Neonatal	0.075594
ANGPTL7	Neonatal	0.070448
ANGPTL7	Neonatal	0.074858
RNU6-291P	Adult	1.763104
RNU6-291P	Adult	2.134406
RNU6-291P	Adult	2.016536
RNU6-291P	Adult	1.718749
RNU6-291P	Adult	2.088633
RNU6-291P	Adult	1.804237
RNU6-291P	Adult	1.971759
RNU6-291P	Adult	1.79621
RNU6-291P	Adult	1.717231
RNU6-291P	Adult	2.17548
RNU6-291P	Neonatal	1.998665
RNU6-291P	Neonatal	2.214863
RNU6-291P	Neonatal	2.087351
RNU6-291P	Neonatal	2.075391
RNU6-291P	Neonatal	2.179858
RNU6-291P	Neonatal	2.033385
RNU6-291P	Neonatal	2.142943
RNU6-291P	Neonatal	2.090741
RNU6-291P	Neonatal	2.20902
RNU6-291P	Neonatal	1.93224
UBIAD1	Adult	1.890522
UBIAD1	Adult	1.888252
UBIAD1	Adult	1.930041
UBIAD1	Adult	1.881662
UBIAD1	Adult	1.988076
UBIAD1	Adult	1.995735
UBIAD1	Adult	2.012312
UBIAD1	Adult	1.876929
UBIAD1	Adult	1.934046
UBIAD1	Adult	1.939061
UBIAD1	Neonatal	2.123936
UBIAD1	Neonatal	1.915789
UBIAD1	Neonatal	1.899972
UBIAD1	Neonatal	2.014997
UBIAD1	Neonatal	2.029262
UBIAD1	Neonatal	1.97906
UBIAD1	Neonatal	2.007458
UBIAD1	Neonatal	2.001167
UBIAD1	Neonatal	2.086807
UBIAD1	Neonatal	1.891568
DISP3	Adult	2.129362
DISP3	Adult	2.127602
DISP3	Adult	2.0156
DISP3	Adult	2.02355
DISP3	Adult	2.195595
DISP3	Adult	2.116218
DISP3	Adult	2.023195
DISP3	Adult	1.87332
DISP3	Adult	2.042993
DISP3	Adult	1.958764
DISP3	Neonatal	1.987851
DISP3	Neonatal	2.006651
DISP3	Neonatal	2.098075
DISP3	Neonatal	1.953721
DISP3	Neonatal	1.998726
DISP3	Neonatal	2.096228
DISP3	Neonatal	1.929152
DISP3	Neonatal	2.094278
DISP3	Neonatal	1.883454
DISP3	Neonatal	1.940411
FBXO2	Adult	1.029719
FBXO2	Adult	1.019037
FBXO2	Adult	0.968453
FBXO2	Adult	0.958253
FBXO2	Adult	1.001065
FBXO2	Adult	0.983977
FBXO2	Adult	0.991602
FBXO2	Adult	1.033223
FBXO2	Adult	0.967152
FBXO2	Adult	1.007893
FBXO2	Neonatal	0.110298
FBXO2	Neonatal	0.11271
FBXO2	Neonatal	0.108474
FBXO2	Neonatal	0.108215
FBXO2	Neonatal	0.108019
FBXO2	Neonatal	0.113051
FBXO2	Neonatal	0.107903
FBXO2	Neonatal	0.111804
FBXO2	Neonatal	0.100972
FBXO2	Neonatal	0.105191
FBXO6	Adult	1.025386
FBXO6	Adult	0.985852
FBXO6	Adult	0.983776
FBXO6	Adult	0.997996
FBXO6	Adult	1.031366
FBXO6	Adult	0.949495
FBXO6	Adult	0.987265
FBXO6	Adult	0.96966
FBXO6	Adult	0.978319
FBXO6	Adult	1.046175
FBXO6	Neonatal	1.06905
FBXO6	Neonatal	0.944916
FBXO6	Neonatal	0.958375
FBXO6	Neonatal	0.986625
FBXO6	Neonatal	0.829032
FBXO6	Neonatal	0.995037
FBXO6	Neonatal	0.982946
FBXO6	Neonatal	0.922846
FBXO6	Neonatal	0.958971
FBXO6	Neonatal	0.853198
MAD2L2	Adult	2.194089
MAD2L2	Adult	1.849661
MAD2L2	Adult	2.005928
MAD2L2	Adult	2.081166
MAD2L2	Adult	2.051598
MAD2L2	Adult	2.260495
MAD2L2	Adult	2.01962
MAD2L2	Adult	1.948404
MAD2L2	Adult	1.888378
MAD2L2	Adult	1.940871
MAD2L2	Neonatal	0.228165
MAD2L2	Neonatal	0.238025
MAD2L2	Neonatal	0.219035
MAD2L2	Neonatal	0.2161
MAD2L2	Neonatal	0.223948
MAD2L2	Neonatal	0.230135
MAD2L2	Neonatal	0.24201
MAD2L2	Neonatal	0.244158
MAD2L2	Neonatal	0.223982
MAD2L2	Neonatal	0.226046
DRAXIN	Adult	2.926217
DRAXIN	Adult	2.824665
DRAXIN	Adult	2.906086
DRAXIN	Adult	3.071647
DRAXIN	Adult	3.328432
DRAXIN	Adult	2.812116
DRAXIN	Adult	2.914019
DRAXIN	Adult	3.355015
DRAXIN	Adult	3.021814
DRAXIN	Adult	2.614421
DRAXIN	Neonatal	0.328623
DRAXIN	Neonatal	0.332708
DRAXIN	Neonatal	0.321514
DRAXIN	Neonatal	0.341134
DRAXIN	Neonatal	0.347138
DRAXIN	Neonatal	0.360256
DRAXIN	Neonatal	0.331396
DRAXIN	Neonatal	0.360364
DRAXIN	Neonatal	0.326203
DRAXIN	Neonatal	0.346542
AGTRAP	Adult	1.015142
AGTRAP	Adult	1.048914
AGTRAP	Adult	1.01136
AGTRAP	Adult	0.962173
AGTRAP	Adult	0.997766
AGTRAP	Adult	1.030192
AGTRAP	Adult	1.02398
AGTRAP	Adult	0.967666
AGTRAP	Adult	0.990153
AGTRAP	Adult	0.994476
AGTRAP	Neonatal	1.027225
AGTRAP	Neonatal	1.020851
AGTRAP	Neonatal	1.005704
AGTRAP	Neonatal	1.14351
AGTRAP	Neonatal	1.077145
AGTRAP	Neonatal	1.007327
AGTRAP	Neonatal	0.996645
AGTRAP	Neonatal	1.017433
AGTRAP	Neonatal	1.022049
AGTRAP	Neonatal	1.048972
C1orf167	Adult	2.093168
C1orf167	Adult	1.989769
C1orf167	Adult	1.950523
C1orf167	Adult	2.08856
C1orf167	Adult	2.026168
C1orf167	Adult	1.97224
C1orf167	Adult	2.06289
C1orf167	Adult	2.00196
C1orf167	Adult	1.946845
C1orf167	Adult	2.044859
C1orf167	Neonatal	1.833734
C1orf167	Neonatal	1.88422
C1orf167	Neonatal	1.861229
C1orf167	Neonatal	2.108475
C1orf167	Neonatal	1.884352
C1orf167	Neonatal	1.880336
C1orf167	Neonatal	1.990709
C1orf167	Neonatal	1.902513
C1orf167	Neonatal	1.800578
C1orf167	Neonatal	1.879435
MTHFR	Adult	1.908126
MTHFR	Adult	2.012566
MTHFR	Adult	2.088319
MTHFR	Adult	2.164493
MTHFR	Adult	1.766999
MTHFR	Adult	1.914061
MTHFR	Adult	2.028095
MTHFR	Adult	2.137646
MTHFR	Adult	1.766584
MTHFR	Adult	2.196261
MTHFR	Neonatal	0.137233
MTHFR	Neonatal	0.167246
MTHFR	Neonatal	0.154534
MTHFR	Neonatal	0.136571
MTHFR	Neonatal	0.148762
MTHFR	Neonatal	0.150022
MTHFR	Neonatal	0.154757
MTHFR	Neonatal	0.166677
MTHFR	Neonatal	0.158918
MTHFR	Neonatal	0.167099
CLCN6	Adult	1.036077
CLCN6	Adult	1.022216
CLCN6	Adult	1.065282
CLCN6	Adult	0.973792
CLCN6	Adult	1.054365
CLCN6	Adult	1.016696
CLCN6	Adult	0.994558
CLCN6	Adult	1.022378
CLCN6	Adult	0.953124
CLCN6	Adult	0.937846
CLCN6	Neonatal	0.913154
CLCN6	Neonatal	0.946215
CLCN6	Neonatal	0.968189
CLCN6	Neonatal	0.968669
CLCN6	Neonatal	0.985976
CLCN6	Neonatal	0.93949
CLCN6	Neonatal	0.908555
CLCN6	Neonatal	0.891082
CLCN6	Neonatal	0.944983
CLCN6	Neonatal	0.98634
NPPA	Adult	0.971778
NPPA	Adult	0.925348
NPPA	Adult	0.979822
NPPA	Adult	1.103741
NPPA	Adult	0.949629
NPPA	Adult	0.926227
NPPA	Adult	0.937593
NPPA	Adult	1.09836
NPPA	Adult	1.118872
NPPA	Adult	1.031554
NPPA	Neonatal	1.019943
NPPA	Neonatal	0.961654
NPPA	Neonatal	1.027477
NPPA	Neonatal	1.084047
NPPA	Neonatal	1.018596
NPPA	Neonatal	1.033932
NPPA	Neonatal	1.004193
NPPA	Neonatal	1.09391
NPPA	Neonatal	0.950406
NPPA	Neonatal	1.072449
NPPB	Adult	1.8793
NPPB	Adult	2.146054
NPPB	Adult	1.866941
NPPB	Adult	1.928176
NPPB	Adult	1.935575
NPPB	Adult	1.851893
NPPB	Adult	1.995827
NPPB	Adult	2.182766
NPPB	Adult	2.125154
NPPB	Adult	1.862496
NPPB	Neonatal	0.128654
NPPB	Neonatal	0.109743
NPPB	Neonatal	0.126939
NPPB	Neonatal	0.106276
NPPB	Neonatal	0.116759
NPPB	Neonatal	0.107937
NPPB	Neonatal	0.128355
NPPB	Neonatal	0.125908
NPPB	Neonatal	0.115179
NPPB	Neonatal	0.130891
RNU5E-1	Adult	2.924646
RNU5E-1	Adult	2.837612
RNU5E-1	Adult	3.129115
RNU5E-1	Adult	3.146304
RNU5E-1	Adult	3.01155
RNU5E-1	Adult	2.884673
RNU5E-1	Adult	2.936406
RNU5E-1	Adult	2.931484
RNU5E-1	Adult	3.043317
RNU5E-1	Adult	2.903491
RNU5E-1	Neonatal	2.949271
RNU5E-1	Neonatal	3.023185
RNU5E-1	Neonatal	2.79718
RNU5E-1	Neonatal	2.665035
RNU5E-1	Neonatal	2.860051
RNU5E-1	Neonatal	2.62681
RNU5E-1	Neonatal	2.730282
RNU5E-1	Neonatal	2.618751
RNU5E-1	Neonatal	2.792869
RNU5E-1	Neonatal	3.139096
RNU5E-4P	Adult	1.841525
RNU5E-4P	Adult	2.016471
RNU5E-4P	Adult	2.104013
RNU5E-4P	Adult	2.140928
RNU5E-4P	Adult	2.066073
RNU5E-4P	Adult	2.090773
RNU5E-4P	Adult	1.899142
RNU5E-4P	Adult	1.948925
RNU5E-4P	Adult	2.025397
RNU5E-4P	Adult	1.922318
RNU5E-4P	Neonatal	2.057108
RNU5E-4P	Neonatal	2.285507
RNU5E-4P	Neonatal	2.285642
RNU5E-4P	Neonatal	2.252692
RNU5E-4P	Neonatal	2.069423
RNU5E-4P	Neonatal	1.804568
RNU5E-4P	Neonatal	2.002333
RNU5E-4P	Neonatal	1.920971
RNU5E-4P	Neonatal	2.021917
RNU5E-4P	Neonatal	2.161904
PLOD1	Adult	1.824507
PLOD1	Adult	1.828864
PLOD1	Adult	1.843291
PLOD1	Adult	2.04817
PLOD1	Adult	1.934687
PLOD1	Adult	1.81058
PLOD1	Adult	1.98733
PLOD1	Adult	2.088894
PLOD1	Adult	1.937683
PLOD1	Adult	1.975036
PLOD1	Neonatal	0.133172
PLOD1	Neonatal	0.133535
PLOD1	Neonatal	0.126968
PLOD1	Neonatal	0.127704
PLOD1	Neonatal	0.117332
PLOD1	Neonatal	0.132748
PLOD1	Neonatal	0.108112
PLOD1	Neonatal	0.110958
PLOD1	Neonatal	0.12099
PLOD1	Neonatal	0.13352
MIIP	Adult	2.124859
MIIP	Adult	2.105599
MIIP	Adult	1.996796
MIIP	Adult	2.111256
MIIP	Adult	2.024685
MIIP	Adult	2.075777
MIIP	Adult	2.114251
MIIP	Adult	2.102943
MIIP	Adult	2.051658
MIIP	Adult	1.931662
MIIP	Neonatal	2.255722
MIIP	Neonatal	2.281779
MIIP	Neonatal	2.206268
MIIP	Neonatal	1.997731
MIIP	Neonatal	2.075725
MIIP	Neonatal	2.140074
MIIP	Neonatal	2.264699
MIIP	Neonatal	2.104984
MIIP	Neonatal	1.814485
MIIP	Neonatal	1.945654
RF00019	Adult	3.126472
RF00019	Adult	2.619577
RF00019	Adult	2.603398
RF00019	Adult	2.859082
RF00019	Adult	2.752199
RF00019	Adult	3.371431
RF00019	Adult	3.140917
RF00019	Adult	3.339281
RF00019	Adult	3.107342
RF00019	Adult	2.733281
RF00019	Neonatal	3.299383
RF00019	Neonatal	2.652045
RF00019	Neonatal	3.303413
RF00019	Neonatal	2.981828
RF00019	Neonatal	3.075079
RF00019	Neonatal	2.810425
RF00019	Neonatal	3.355843
RF00019	Neonatal	3.088602
RF00019	Neonatal	3.313914
RF00019	Neonatal	2.749557
TNFRSF8	Adult	0.994204
TNFRSF8	Adult	1.069494
TNFRSF8	Adult	1.017546
TNFRSF8	Adult	0.981425
TNFRSF8	Adult	0.978878
TNFRSF8	Adult	0.954781
TNFRSF8	Adult	0.971254
TNFRSF8	Adult	1.080669
TNFRSF8	Adult	0.974872
TNFRSF8	Adult	1.078747
TNFRSF8	Neonatal	1.103787
TNFRSF8	Neonatal	0.933153
TNFRSF8	Neonatal	1.082557
TNFRSF8	Neonatal	1.027606
TNFRSF8	Neonatal	1.046637
TNFRSF8	Neonatal	0.997732
TNFRSF8	Neonatal	0.943747
TNFRSF8	Neonatal	0.938801
TNFRSF8	Neonatal	0.967504
TNFRSF8	Neonatal	1.077879
RNU6-777P	Adult	2.011768
RNU6-777P	Adult	1.816609
RNU6-777P	Adult	2.159392
RNU6-777P	Adult	2.044917
RNU6-777P	Adult	1.999872
RNU6-777P	Adult	2.164769
RNU6-777P	Adult	1.829422
RNU6-777P	Adult	2.162103
RNU6-777P	Adult	2.157069
RNU6-777P	Adult	2.046736
RNU6-777P	Neonatal	2.166683
RNU6-777P	Neonatal	1.903966
RNU6-777P	Neonatal	1.727833
RNU6-777P	Neonatal	1.956576
RNU6-777P	Neonatal	1.78361
RNU6-777P	Neonatal	2.206824
RNU6-777P	Neonatal	2.15254
RNU6-777P	Neonatal	1.800822
RNU6-777P	Neonatal	2.109119
RNU6-777P	Neonatal	2.181943
TNFRSF1B	Adult	1.034988
TNFRSF1B	Adult	1.020008
TNFRSF1B	Adult	1.021917
TNFRSF1B	Adult	0.992855
TNFRSF1B	Adult	0.972653
TNFRSF1B	Adult	1.003107
TNFRSF1B	Adult	1.045539
TNFRSF1B	Adult	1.057241
TNFRSF1B	Adult	1.042153
TNFRSF1B	Adult	1.003011
TNFRSF1B	Neonatal	0.070735
TNFRSF1B	Neonatal	0.073309
TNFRSF1B	Neonatal	0.074669
TNFRSF1B	Neonatal	0.072697
TNFRSF1B	Neonatal	0.069749
TNFRSF1B	Neonatal	0.061906
TNFRSF1B	Neonatal	0.065458
TNFRSF1B	Neonatal	0.066205
TNFRSF1B	Neonatal	0.072316
TNFRSF1B	Neonatal	0.065201
RF00156	Adult	0.950656
RF00156	Adult	0.94278
RF00156	Adult	0.968827
RF00156	Adult	1.051979
RF00156	Adult	1.004703
RF00156	Adult	1.051007
RF00156	Adult	0.950319
RF00156	Adult	0.996613
RF00156	Adult	1.011067
RF00156	Adult	1.039692
RF00156	Neonatal	0.06765
RF00156	Neonatal	0.065353
RF00156	Neonatal	0.073842
RF00156	Neonatal	0.069039
RF00156	Neonatal	0.062417
RF00156	Neonatal	0.058788
RF00156	Neonatal	0.071784
RF00156	Neonatal	0.065468
RF00156	Neonatal	0.064135
RF00156	Neonatal	0.075811
VPS13D	Adult	1.79466
VPS13D	Adult	2.209314
VPS13D	Adult	1.847181
VPS13D	Adult	1.826302
VPS13D	Adult	2.068254
VPS13D	Adult	1.835018
VPS13D	Adult	1.835756
VPS13D	Adult	1.890503
VPS13D	Adult	2.055703
VPS13D	Adult	2.134107
VPS13D	Neonatal	2.175337
VPS13D	Neonatal	1.740621
VPS13D	Neonatal	2.122346
VPS13D	Neonatal	2.097568
VPS13D	Neonatal	1.927074
VPS13D	Neonatal	2.137856
VPS13D	Neonatal	2.293904
VPS13D	Neonatal	2.130582
VPS13D	Neonatal	1.912193
VPS13D	Neonatal	2.085744
SNORA59A	Adult	1.941128
SNORA59A	Adult	2.120274
SNORA59A	Adult	1.832516
SNORA59A	Adult	2.224797
SNORA59A	Adult	1.958657
SNORA59A	Adult	1.840531
SNORA59A	Adult	1.97719
SNORA59A	Adult	1.95465
SNORA59A	Adult	1.959606
SNORA59A	Adult	1.868182
SNORA59A	Neonatal	2.055611
SNORA59A	Neonatal	2.158508
SNORA59A	Neonatal	1.957269
SNORA59A	Neonatal	1.982775
SNORA59A	Neonatal	1.978626
SNORA59A	Neonatal	1.994615
SNORA59A	Neonatal	2.010986
SNORA59A	Neonatal	2.120896
SNORA59A	Neonatal	2.063538
SNORA59A	Neonatal	1.964834
DHRS3	Adult	1.877546
DHRS3	Adult	1.811103
DHRS3	Adult	1.779119
DHRS3	Adult	2.130004
DHRS3	Adult	1.822712
DHRS3	Adult	1.815761
DHRS3	Adult	2.143082
DHRS3	Adult	1.795417
DHRS3	Adult	2.091832
DHRS3	Adult	2.012844
DHRS3	Neonatal	2.192158
DHRS3	Neonatal	2.098048
DHRS3	Neonatal	2.05474
DHRS3	Neonatal	2.266071
DHRS3	Neonatal	1.850588
DHRS3	Neonatal	1.889075
DHRS3	Neonatal	1.906766
DHRS3	Neonatal	2.274645
DHRS3	Neonatal	1.981809
DHRS3	Neonatal	2.010698
